Model,MeanSquaredError,Accuracy,Precision,Recall,F1
LogisticRegression,0.19524617996604415,0.8047538200339559,0.7546099290780142,0.9032258064516129,0.8222565687789799
RandomForest,0.17147707979626486,0.8285229202037352,0.7824817518248175,0.9100169779286927,0.8414442700156987
XGBoost,0.17062818336162988,0.8293718166383701,0.7747875354107648,0.9286926994906621,0.8447876447876448
LGBoost,0.09256900212314224,0.9074309978768578,0.9203152364273205,0.8921901528013583,0.9060344827586206
