Model,MeanSquaredError,Accuracy,Precision,Recall,F1
LogisticRegression,0.1935483870967742,0.8064516129032258,0.7563920454545454,0.9040747028862479,0.8236658932714618
RandomForest,0.1536502546689304,0.8463497453310697,0.8090909090909091,0.9066213921901528,0.8550840672538031
XGBoost,0.11337579617834395,0.8866242038216561,0.8712306438467807,0.9074702886247877,0.8889812889812889
LGBoost,0.18548387096774194,0.8145161290322581,0.7648320228734811,0.9083191850594228,0.8304229724485837
