Model,MeanSquaredError
LogisticRegression,0.0541838134430727
RandomForest,0.05222418185381148
XGboost,0.05134234763864393
LGboost,0.0496766607877719
