Model,MeanSquaredError
LogisticRegression,0.02488732118361748
RandomForest,0.022535763276504018
XGboost,0.024299431706839115
LGboost,0.03194199490495787
