Model,MeanSquaredError,Accuracy
LogisticRegression,0.2146683147919242,0.7853316852080758
RandomForest,0.0980634528224145,0.9019365471775855
XGboost,0.09971157807993407,0.900288421920066
LGboost,0.11248454882571075,0.8875154511742892
