Model,MeanSquaredError,Accuracy
LogisticRegression,0.02488732118361748,0.9751126788163825
RandomForest,0.022535763276504018,0.977464236723496
XGboost,0.024299431706839115,0.9757005682931609
LGboost,0.03194199490495787,0.9680580050950421
